<?xml version="1.0" encoding="utf-8" ?>
<component name="SimpleScaleAnimation" extends="Group" >


<script type="text/brightscript" >
    <![CDATA[
        function init()
            scaleAnimation = m.top.FindNode("scaleAnimation")
            m.testsequentialanimation = m.top.FindNode("testSequentialAnimation")
            m.testsequentialanimation.control = "start"
            m.testsequentialanimation.observeField("state", "animationEnds")
            m.top.setFocus(true)
            m.testsequentialanimation.setFocus(true)




            m.lastFocused = m.top.getScene().focusedChild

            'm.lastFocused.observeField("timedMetaData", "id3receive")
        end function

        sub animationEnds()
            if m.testsequentialanimation.state = "stopped"
                print "andimation ends"
                m.top.visible = false
                m.lastFocused.setFocus(true)
            end if
        end sub

        'sub id3receive()
        '  if m.lastFocused.timedMetaData["TXXX:_clickThrough"] = invalid
        '    m.top.visible = false
        '    m.lastFocused.setFocus(true)
        '  end if
        'end sub

        'function onKeyEvent(key as String, press as Boolean) as Boolean
                    
        '  print "key at animation : " key " is " press
        '  if key = "back"
        '    m.top.visible = false
        '    m.lastFocused.setFocus(true)
        '    return true
        '  end if
        '  return false
        'end function

    ]]>
</script>



<children>


<LayoutGroup   id = "dancingbars"  translation = "[640,360]"  itemSpacings = "[10]"  layoutDirection = "horizontal"  horizAlignment = "center"  vertAlignment = "center" >
    <Poster      id="R1"      uri="https://creative-p.undertone.com/2416/88424-1623247584/product-image-1271939393_1024x10242x.jpg"      opacity = ".2"     width = "160"      height = "90"      scaleRotateCenter = "[25, 50]"     translation = "[0, 0]"/>
    <Poster      id="R2"      uri="https://creative-p.undertone.com/2416/88424-1623247584/product-image-1645971158_1024x10242x.jpg"      opacity = ".2"     width = "160"      height = "90"      scaleRotateCenter = "[25, 50]"     translation = "[60, 0]"/>
    <Poster      id="R3"      uri="https://creative-p.undertone.com/2416/88424-1623247584/2.jpg"      opacity = ".2"     width = "160"      height = "90"      scaleRotateCenter = "[25, 50]"     translation = "[120, 0]"/>
</LayoutGroup>
<SequentialAnimation   id = "testSequentialAnimation" >
<Animation        id = "R1Animation"       duration = "3"       easeFunction = "linear" >
    <Vector2DFieldInterpolator    key= "[0, 0.5, 1]"    keyValue= "[ [1, 1], [1, 2], [1, 1] ]"    fieldToInterp="R1.scale" />        
    <FloatFieldInterpolator    key= "[0, 0.5, 1]"    keyValue= "[ 0.2, 1, 0.2 ]"    fieldToInterp="R1.opacity" />
</Animation>
<Animation        id = "R2Animation"       duration = "3"       easeFunction = "linear" >
        <Vector2DFieldInterpolator    key= "[0, 0.5, 1]"    keyValue= "[ [1, 1], [1, 2], [1, 1] ]"    fieldToInterp="R2.scale" />
        <FloatFieldInterpolator    key= "[0, 0.5, 1]"    keyValue= "[ 0.2, 1, 0.2 ]"    fieldToInterp="R2.opacity" />
</Animation>
<Animation        id = "R3Animation"       duration = "3"       easeFunction = "linear" >
    <Vector2DFieldInterpolator    key= "[0, 0.5, 1]"    keyValue= "[ [1, 1], [1, 2], [1, 1] ]"    fieldToInterp="R3.scale" />
    <FloatFieldInterpolator    key= "[0, 0.5, 1]"    keyValue= "[ 0.2, 1, 0.2 ]"    fieldToInterp="R3.opacity" />
</Animation>
</SequentialAnimation>




</children>

</component>